Algorithm,Accuracy,Precision,Recall,F1 Score
Neural Network,0.97925,0.9791914101184327,0.97925,0.9790388755507681
