Algorithm,Accuracy,Precision,Recall,F1 Score
Random Forest,0.99475,0.9950694196797366,0.99475,0.9947209122102593
